timestamp,device_0,device_1
1671861240735083469,0,20
1671861240737749275,0,20
1671861240739885357,0,20
1671861240741663349,0,20
1671861240743792718,0,20
1671861240750791424,0,20
1671861240755820553,0,20
1671861240757655653,0,20
1671861240759462080,0,20
1671861240761207521,0,20
1671861240762960365,0,20
1671861240764721165,0,20
1671861240767090279,0,20
1671861240770285820,0,20
1671861240772059954,0,20
1671861240773809453,0,20
1671861240775554874,0,20
1671861240777321254,0,20
1671861240779062186,0,20
1671861240780865837,0,20
1671861240782615917,0,20
1671861240784382087,0,20
1671861240786551482,0,25
1671861240797034915,0,25
1671861240798875587,0,25
1671861240800601852,0,25
1671861240802325751,0,25
1671861240804048298,0,25
1671861240806273840,0,25
1671861240808785805,0,25
1671861240810978744,0,25
1671861240812851485,0,25
1671861240814609510,0,25
1671861240816342668,0,25
1671861240818075325,0,25
1671861240819829623,0,25
1671861240821631420,0,25
1671861240823831713,0,25
1671861240826425573,0,25
1671861240829152466,0,25
1671861240831277366,0,25
1671861240833033236,0,25
1671861240834748089,0,25
1671861240836987768,0,25
1671861240838714833,0,25
1671861240840447830,0,25
1671861240842184344,0,25
1671861240843914335,0,25
1671861240846032804,0,25
1671861240848182210,0,25
1671861240850032570,0,25
1671861240851754045,0,25
1671861240853476683,0,25
1671861240855201815,0,25
1671861240856925143,0,25
1671861240858657960,0,25
1671861240860411607,0,25
1671861240862149212,0,25
1671861240863974704,0,25
1671861240866100306,0,25
1671861240868290721,0,25
1671861240870155208,0,25
1671861240872341454,0,25
1671861240874528803,0,25
1671861240876618647,0,25
1671861240878492071,0,25
1671861240880264243,0,25
1671861240882027738,0,25
1671861240883999577,0,25
1671861240886210972,0,25
1671861240889426792,0,25
1671861240891640230,0,25
1671861240903063437,0,25
1671861240904810281,0,25
1671861240907375175,0,25
1671861240910213749,0,25
1671861240912345643,0,25
1671861240914117554,0,25
1671861240915863024,0,25
1671861240917598125,0,25
1671861240919399282,0,25
1671861240921138030,0,25
1671861240922868612,0,25
1671861240924608252,0,25
1671861240926736358,0,25
1671861240928944567,0,25
1671861240930796710,0,25
1671861240932540347,0,25
1671861240934284846,0,25
1671861240936023945,0,25
1671861240937753616,0,25
1671861240939491252,0,25
1671861240941265438,0,25
1671861240943125626,0,25
1671861240944885473,0,25
1671861240946915404,0,25
1671861240948835476,0,25
1671861240950620371,0,25
1671861240952373626,0,25
1671861240954154615,0,25
1671861240955899685,0,25
1671861240957665565,0,25
1671861240959478242,0,25
1671861240961272916,0,25
1671861240963034317,0,25
1671861240964844652,0,25
1671861240967050826,0,25
1671861240970179760,0,25
1671861240971921254,0,25
1671861240973663689,0,25
1671861240975400042,0,25
1671861240977134722,0,25
1671861240978871867,0,25
1671861240980670239,0,25
1671861240982415539,0,25
1671861240984148105,0,25
1671861240986269208,0,19
1671861240990679363,0,19
1671861240992526035,0,19
1671861240994655956,0,19
1671861240996953704,0,19
1671861240999105737,0,19
1671861241001025408,0,19
1671861241002819831,0,19
1671861241004527720,0,19
1671861241006963270,0,19
1671861241009708748,0,19
1671861241012226283,0,19
1671861241014088565,0,19
1671861241015822905,0,19
1671861241017562525,0,19
1671861241019324797,0,19
1671861241021045550,0,19
1671861241022772526,0,19
1671861241024569836,0,19
1671861241027227957,0,19
1671861241029401780,0,19
1671861241031297206,0,19
1671861241039008242,0,19
1671861241043941899,0,19
1671861241046073312,0,19
1671861241048500927,0,19
1671861241050711249,0,19
1671861241052820810,0,19
1671861241054669327,0,19
1671861241056417683,0,19
1671861241058324159,0,19
1671861241060135564,0,19
1671861241061912174,0,19
1671861241063668506,0,19
1671861241065830006,0,19
1671861241067995073,0,19
1671861241069884808,0,19
1671861241071630338,0,19
1671861241073359718,0,19
1671861241075099939,0,19
1671861241076849879,0,19
1671861241078590520,0,19
1671861241080332123,0,19
1671861241082082303,0,19
1671861241083829647,0,19
1671861241085994604,0,19
1671861241088105177,0,19
1671861241090671084,0,19
1671861241092568172,0,19
1671861241094317621,0,19
1671861241096054725,0,19
1671861241097796779,0,19
1671861241099530378,0,19
1671861241101302109,0,19
1671861241103058129,0,19
1671861241104798209,0,19
1671861241107458866,0,19
1671861241110079978,0,19
1671861241112630495,0,19
1671861241114398759,0,19
1671861241116149871,0,19
1671861241117905451,0,19
1671861241119694263,0,19
1671861241121427100,0,19
1671861241123171379,0,19
1671861241124970962,0,19
1671861241127110761,0,19
1671861241129311965,0,19
1671861241131169188,0,19
1671861241132918968,0,19
1671861241134666071,0,19
1671861241136518114,0,19
1671861241138267021,0,19
1671861241140060573,0,19
1671861241141805223,0,19
1671861241143592393,0,19
1671861241145745337,0,19
1671861241148292608,0,19
1671861241150569667,0,19
1671861241152840515,0,19
1671861241154583841,0,19
1671861241156309955,0,19
1671861241158153221,0,19
1671861241160004753,0,19
1671861241161792073,0,19
1671861241163657311,0,19
1671861241165829431,0,19
1671861241168135656,0,19
1671861241170812743,0,19
1671861241172576418,0,19
1671861241174319915,0,19
1671861241181831974,0,16
1671861241191590323,0,16
1671861241193410125,0,16
1671861241195160845,0,16
1671861241196956621,0,16
1671861241198675411,0,16
1671861241200388651,0,16
1671861241202130846,0,16
1671861241203863492,0,16
1671861241206376619,0,16
1671861241208889996,0,16
1671861241211388406,0,16
1671861241213250929,0,16
1671861241215042477,0,16
1671861241216790542,0,16
1671861241218909622,0,16
1671861241220642499,0,16
1671861241222424218,0,16
1671861241224181491,0,16
1671861241226324826,0,16
1671861241228460848,0,16
1671861241230336125,0,16
1671861241232055416,0,16
1671861241233776440,0,16
1671861241235513956,0,16
1671861241237257333,0,16
1671861241238991672,0,16
1671861241240743845,0,16
1671861241242535935,0,16
1671861241244279422,0,16
1671861241246441883,0,16
1671861241248587102,0,16
1671861241250444144,0,16
1671861241252245091,0,16
1671861241253989570,0,16
1671861241255731854,0,16
1671861241257476583,0,16
1671861241259229318,0,16
1671861241261040734,0,16
1671861241262801083,0,16
1671861241264560630,0,16
1671861241266932188,0,16
1671861241269767647,0,16
1671861241271523196,0,16
1671861241273264268,0,16
1671861241275011893,0,16
1671861241276756162,0,16
1671861241278506042,0,16
1671861241280304944,0,16
1671861241282035847,0,16
1671861241283790224,0,16
1671861241285901459,0,16
1671861241287931299,0,16
1671861241290073262,0,16
1671861241291946665,0,16
1671861241293690072,0,16
1671861241295418250,0,16
1671861241297381594,0,16
1671861241299238756,0,16
1671861241301538618,0,16
1671861241303761225,0,16
1671861241306645856,0,16
1671861241309767707,0,16
1671861241312170134,0,16
1671861241314303751,0,16
1671861241316224153,0,16
1671861241319166374,0,16
1671861241320983932,0,16
1671861241328540194,0,16
1671861241333346680,0,16
1671861241335070039,0,16
1671861241336895192,0,16
1671861241338650541,0,16
1671861241340380832,0,16
1671861241342130211,0,16
1671861241343865793,0,16
1671861241345961157,0,16
1671861241348158124,0,16
1671861241350408052,0,16
1671861241352548722,0,16
1671861241354656511,0,16
1671861241356492403,0,16
1671861241358294752,0,16
1671861241360074507,0,16
1671861241361847220,0,16
1671861241363595075,0,16
1671861241365762096,0,16
1671861241367978699,0,16
1671861241370221063,0,16
1671861241372029413,0,16
1671861241373805662,0,16
1671861241375555371,0,16
1671861241377364341,0,16
1671861241379098311,0,16
1671861241380873639,0,16
1671861241382601986,0,16
1671861241384348749,0,21
1671861241388032527,0,21
1671861241390799044,0,21
1671861241392551177,0,21
1671861241394319211,0,21
1671861241396051938,0,21
1671861241397838577,0,21
1671861241399641466,0,21
1671861241401410781,0,21
1671861241403214182,0,21
1671861241405169391,0,21
1671861241407701353,0,21
1671861241410098660,0,21
1671861241412497040,0,21
1671861241414248121,0,21
1671861241416035721,0,21
1671861241417765482,0,21
1671861241419600193,0,21
1671861241421375841,0,21
1671861241423104190,0,21
1671861241424940213,0,21
1671861241427170953,0,21
1671861241429273391,0,21
1671861241431156473,0,21
1671861241432928534,0,21
1671861241434665098,0,21
1671861241436847477,0,21
1671861241438579152,0,21
1671861241440322008,0,21
1671861241442061227,0,21
1671861241443797359,0,21
1671861241445919865,0,21
1671861241448496693,0,21
1671861241450819118,0,21
1671861241454467798,0,21
1671861241456384033,0,21
1671861241458370772,0,21
1671861241460175935,0,21
1671861241462956379,0,21
1671861241472244857,0,21
1671861241477230934,0,21
1671861241479017513,0,21
1671861241480757384,0,21
1671861241482496612,0,21
1671861241484227495,0,21
1671861241486373105,0,21
1671861241488582876,0,21
1671861241490776788,0,21
1671861241492570331,0,21
1671861241494363251,0,21
1671861241496095005,0,21
1671861241497919145,0,21
1671861241499646111,0,21
1671861241501409677,0,21
1671861241503147042,0,21
1671861241505040122,0,21
1671861241507255364,0,21
1671861241509462230,0,21
1671861241511618570,0,21
1671861241513847537,0,21
1671861241515711774,0,21
1671861241517439391,0,21
1671861241519226210,0,21
1671861241520982721,0,21
1671861241522897924,0,21
1671861241524706896,0,21
1671861241526872483,0,21
1671861241529129734,0,21
1671861241530986055,0,21
1671861241532744621,0,21
1671861241534522824,0,21
1671861241536395565,0,21
1671861241538146156,0,21
1671861241539953795,0,21
1671861241541694537,0,21
1671861241543434957,0,21
1671861241545482541,0,21
1671861241547808032,0,21
1671861241549711152,0,21
1671861241551490296,0,21
1671861241553294268,0,21
1671861241555073393,0,21
1671861241556880962,0,21
1671861241558640348,0,21
1671861241560388764,0,21
1671861241562172598,0,21
1671861241563936644,0,21
1671861241566443409,0,21
1671861241568724687,0,21
1671861241570675858,0,21
1671861241572457266,0,21
1671861241574259194,0,21
1671861241576003283,0,21
1671861241577772739,0,21
1671861241579520113,0,21
1671861241581302633,0,21
1671861241583095675,0,21
1671861241585045073,0,26
1671861241590304819,0,26
1671861241592125883,0,26
1671861241593862717,0,26
1671861241595593660,0,26
1671861241597403322,0,26
1671861241599130519,0,26
1671861241600871461,0,26
1671861241602629716,0,26
1671861241604831341,0,26
1671861241607559136,0,26
1671861241611041291,0,26
1671861241613456992,0,26
1671861241621139604,0,26
1671861241626784912,0,26
1671861241628989694,0,26
1671861241630849983,0,26
1671861241632605653,0,26
1671861241634344502,0,26
1671861241636754203,0,26
1671861241638500815,0,26
1671861241640236106,0,26
1671861241641971899,0,26
1671861241643705718,0,26
1671861241645824396,0,26
1671861241648179483,0,26
1671861241650053237,0,26
1671861241651817904,0,26
1671861241653571501,0,26
1671861241655331809,0,26
1671861241657033817,0,26
1671861241658777675,0,26
1671861241660504581,0,26
1671861241662247096,0,26
1671861241663994941,0,26
1671861241666562040,0,26
1671861241670228465,0,26
1671861241672430230,0,26
1671861241674309735,0,26
1671861241676097467,0,26
1671861241677884877,0,26
1671861241679687987,0,26
1671861241681484093,0,26
1671861241683492233,0,26
1671861241685639095,0,26
1671861241688017355,0,26
1671861241690204424,0,26
1671861241692079210,0,26
1671861241693872101,0,26
1671861241695650253,0,26
1671861241697497827,0,26
1671861241699283505,0,26
1671861241701135007,0,26
1671861241702913701,0,26
1671861241704988767,0,26
1671861241707693657,0,26
1671861241709848665,0,26
1671861241712172653,0,26
1671861241714138442,0,26
1671861241715942092,0,26
1671861241717711859,0,26
1671861241719541600,0,26
1671861241721312950,0,26
1671861241723133483,0,26
1671861241725125841,0,26
1671861241727416166,0,26
1671861241729388688,0,26
1671861241731200454,0,26
1671861241733022269,0,26
1671861241734933585,0,26
1671861241736792361,0,26
1671861241738700249,0,26
1671861241762805691,0,26
1671861241766596140,0,26
1671861241772484318,0,26
1671861241774693559,0,26
1671861241776582693,0,26
1671861241778665634,0,26
1671861241780711204,0,26
1671861241783305364,0,26
1671861241785871201,0,16
1671861241790575564,0,16
1671861241795271181,0,16
1671861241797537149,0,16
1671861241802232314,0,16
1671861241804369157,0,16
1671861241807039101,0,16
1671861241809656836,0,16
1671861241811681477,0,16
1671861241813807690,0,16
1671861241817568292,0,16
1671861241842981455,0,16
1671861241846213496,0,16
1671861241849828513,0,16
1671861241852063432,0,16
1671861241855777497,0,16
1671861241858641048,0,16
1671861241862104938,0,16
1671861241864921691,0,16
1671861241873712425,0,16
1671861241879584012,0,16
1671861241881870258,0,16
1671861241884095559,0,16
1671861241887864127,0,16
1671861241890206981,0,16
1671861241892135809,0,16
1671861241894027838,0,16
1671861241895969902,0,16
1671861241899164581,0,16
1671861241901456327,0,16
1671861241903805935,0,16
1671861241907299391,0,16
1671861241910175806,0,16
1671861241912761601,0,16
1671861241936811328,0,16
1671861241939099017,0,16
1671861241941801433,0,16
1671861241962470697,0,16
1671861241964884156,0,16
1671861241971916905,0,16
1671861241976522981,0,16
1671861241979394317,0,16
1671861241982375322,0,16
1671861241986020326,0,16
1671861241990456530,0,16
1671861241993826483,0,16
1671861242041050585,0,16
1671861242088036135,0,16
1671861242091517198,0,16
1671861242115968656,0,16
1671861242120020782,0,16
1671861242123844415,0,16
1671861242128209163,0,16
1671861242148258061,0,16
1671861242151143415,0,16
1671861242156388022,0,16
1671861242166477640,0,16
1671861242174291821,0,16
1671861242195408755,0,16
1671861242198947727,0,16
1671861242201804376,0,16
1671861242205181471,0,16
1671861242208885818,0,16
1671861242212057323,0,16
1671861242215025583,0,16
1671861242218438927,0,16
1671861242220856933,0,16
1671861242223953647,0,16
1671861242227960657,0,16
1671861242232184078,0,16
1671861242236626536,0,16
1671861242239287583,0,16
1671861242242643528,0,16
1671861242247642650,0,16
1671861242250976534,0,16
1671861242254875148,0,16
1671861242257458578,0,16
1671861242260335125,0,16
1671861242263289328,0,16
1671861242266908793,0,16
1671861242271118558,0,16
1671861242275958729,0,16
1671861242279285779,0,16
1671861242283432144,0,16
1671861242287895840,0,16
1671861242300975980,0,16
1671861242306869839,0,16
1671861242311666007,0,16
1671861242315371175,0,16
1671861242323569355,0,16
1671861242328572034,0,16
1671861242333192066,0,16
1671861242337177236,0,16
1671861242340761163,0,16
1671861242344507980,0,16
1671861242347867432,0,16
1671861242351855767,0,16
1671861242354995532,0,16
1671861242357685214,0,16
1671861242360023219,0,16
1671861242362867012,0,16
1671861242365638449,0,16
1671861242370464433,0,16
1671861242379915779,0,16
1671861242386256957,0,16
1671861242390623068,0,16
1671861242393459419,0,16
1671861242398046410,0,16
1671861242402753388,0,16
1671861242405384489,0,16
1671861242415677982,0,16
1671861242418884975,0,16
1671861242421744119,0,16
1671861242426366806,0,16
1671861242429593347,0,16
1671861242433520565,0,16
1671861242436483155,0,16
1671861242439965319,0,16
1671861242442734642,0,16
1671861242451909144,0,16
1671861242455129031,0,16
1671861242459212176,0,16
1671861242480404874,0,16
1671861242482517451,0,16
1671861242487706904,0,16
1671861242493014871,0,16
1671861242496202198,0,16
1671861242500168099,0,16
1671861242503347660,0,16
1671861242508112688,0,16
1671861242540008316,0,16
1671861242544805606,0,16
1671861242549425007,0,16
1671861242554692108,0,16
1671861242557742493,0,16
1671861242561508327,0,16
1671861242565388578,1,16
1671861242571024497,1,16
1671861242581783935,1,16
1671861242584878524,1,18
1671861242595510150,1,18
1671861242598794690,1,18
1671861242603223831,1,18
1671861242607242363,1,18
1671861242611539434,1,18
1671861242615181251,1,18
1671861242618395127,1,18
1671861242622554206,1,18
1671861242627860932,1,18
1671861242650306215,1,18
1671861242653173974,1,18
1671861242657325259,1,18
1671861242659945518,1,18
1671861242662617547,1,18
1671861242665341213,1,18
1671861242669423235,1,18
1671861242674490727,1,18
1671861242680199816,1,18
1671861242684811903,1,18
1671861242689049412,1,18
1671861242692453568,1,18
1671861242715523776,1,18
1671861242739710794,1,18
1671861242742838176,1,18
1671861242746132504,1,18
1671861242749252362,1,18
1671861242779796366,1,18
1671861242782975055,1,22
1671861242793134906,1,22
1671861242797161664,1,22
1671861242805204820,1,22
1671861242809336887,1,22
1671861242813457934,1,22
1671861242818815236,1,22
1671861242821890369,1,22
1671861242824127021,1,22
1671861242826750688,1,22
1671861242829734978,1,22
1671861242832197980,1,22
1671861242834575820,1,22
1671861242857230120,1,22
1671861242859718279,1,22
1671861242863006035,1,22
1671861242865759598,1,22
1671861242868520654,1,22
1671861242871086121,1,22
1671861242873454774,1,22
1671861242875644106,1,22
1671861242877909212,1,22
1671861242879765664,1,22
1671861242884255720,1,22
1671861242887560959,1,22
1671861242890670067,1,22
1671861242893326976,1,22
1671861242897294342,1,22
1671861242901986863,1,22
1671861242904679329,1,22
1671861242908646915,1,22
1671861242911983794,1,22
1671861242914294978,1,22
1671861242917055735,1,22
1671861242919259053,1,22
1671861242921214933,1,22
1671861242923062738,1,22
1671861242925855766,1,22
1671861242929098285,1,22
1671861242931683710,1,22
1671861242934383841,1,22
1671861242937617374,1,22
1671861242940111926,1,22
1671861242943499812,1,22
1671861242948837937,1,22
1671861242951988112,1,22
1671861242955386047,2,22
1671861242973993191,2,22
1671861242976521467,2,22
1671861242979744790,2,22
1671861242982280279,2,20
1671861243007287732,2,20
1671861243010762433,2,20
1671861243014935097,2,20
1671861243017912385,2,20
1671861243020512466,2,20
1671861243023412417,2,20
1671861243029096518,2,20
1671861243032482992,2,20
1671861243035604332,2,20
1671861243039038506,2,20
1671861243042959613,2,20
1671861243047012540,2,20
1671861243050273896,2,20
1671861243052916208,2,20
1671861243055060485,2,20
1671861243058485011,2,20
1671861243060605462,2,20
1671861243078189947,2,20
1671861243080841426,2,20
1671861243083527781,2,20
1671861243111544923,2,20
1671861243114042800,2,20
1671861243116223307,2,20
1671861243118951020,2,20
1671861243120986531,2,20
1671861243146737755,2,20
1671861243150938152,2,20
1671861243153358833,2,20
1671861243155990986,2,20
1671861243158399785,2,20
1671861243160883365,2,20
1671861243164192101,2,20
1671861243167322198,2,20
1671861243180293652,2,9
1671861243193909909,2,9
1671861243196715370,2,9
1671861243198973614,2,9
1671861243201759849,2,9
1671861243204310506,2,9
1671861243206637069,2,9
1671861243209152781,2,9
1671861243211946199,2,9
1671861243215620429,2,9
1671861243217904992,2,9
1671861243220331835,2,9
1671861243223128960,2,9
1671861243225657467,2,9
1671861243228577124,2,9
1671861243231677926,2,9
1671861243236385334,2,9
1671861243242469204,2,9
1671861243245612295,2,9
1671861243249054064,2,9
1671861243251716463,2,9
1671861243253855390,2,9
1671861243265779959,2,9
1671861243270049837,2,9
1671861243273310763,2,9
1671861243275710816,2,9
1671861243278322900,2,9
1671861243281044422,2,9
1671861243283912683,2,9
1671861243287556143,2,9
1671861243292430669,2,9
1671861243297490035,2,9
1671861243330349291,2,9
1671861243333967073,2,9
1671861243336407822,2,9
1671861243338834285,2,9
1671861243341184333,2,9
1671861243344340749,2,9
1671861243347116494,2,9
1671861243349868795,3,9
1671861243381097678,3,9
1671861243383853576,3,12
1671861243393858854,3,12
1671861243396610212,3,12
1671861243399153606,3,12
1671861243402063706,3,12
1671861243404705436,3,12
1671861243408478704,3,12
1671861243430606625,3,12
1671861243432813461,3,12
1671861243438949960,3,12
1671861243441821006,3,12
1671861243443943812,3,12
1671861243470193300,3,12
1671861243489336260,3,12
1671861243491789264,3,12
1671861243498848323,3,12
1671861243502168310,3,12
1671861243505607743,3,12
1671861243508322022,3,12
1671861243511011603,3,12
1671861243514314368,3,12
1671861243517047202,3,12
1671861243519695665,3,12
1671861243523577668,3,12
1671861243526122084,3,12
1671861243529147813,3,12
1671861243550392639,3,12
1671861243553887508,1,12
1671861243578077952,1,12
1671861243582885852,1,19
1671861243603769192,1,19
1671861243607774800,1,19
1671861243610874479,1,19
1671861243614166493,1,19
1671861243616331209,1,19
1671861243618265889,1,19
1671861243620741133,1,19
1671861243623068207,1,19
1671861243645606516,1,19
1671861243648766902,1,19
1671861243651299986,1,19
1671861243653716870,1,19
1671861243656496933,1,19
1671861243660007371,1,19
1671861243663568266,1,19
1671861243666240785,1,19
1671861243680754444,1,19
1671861243684988105,1,19
1671861243688705796,1,19
1671861243692499953,1,19
1671861243694605917,1,19
1671861243696925747,1,19
1671861243698853474,1,19
1671861243700724433,1,19
1671861243703046988,1,19
1671861243705623494,1,19
1671861243708586665,1,19
1671861243711947860,1,19
1671861243715215829,1,19
1671861243717245319,1,19
1671861243719610354,1,19
1671861243721938840,1,19
1671861243745688518,1,19
1671861243748574883,1,19
1671861243751062982,1,19
1671861243753282421,1,19
1671861243756067474,1,19
1671861243758734884,1,19
1671861243782630318,1,19
1671861243785060007,1,16
1671861243793249180,1,16
1671861243816829556,1,16
1671861243819870854,1,16
1671861243842105177,1,16
1671861243845885447,1,16
1671861243848523741,1,16
1671861243851099176,1,16
1671861243853370183,1,16
1671861243855904270,1,16
1671861243870384105,1,16
1671861243872878747,1,16
1671861243897615386,1,16
1671861243901527237,1,16
1671861243905478510,1,16
1671861243908312927,1,16
1671861243911347162,1,16
1671861243913770248,1,16
1671861243916810305,1,16
1671861243921381274,1,16
1671861243950080680,1,16
1671861243953089637,1,16
1671861243956617308,1,16
1671861243959708080,1,16
1671861243962034002,1,16
1671861243965266754,1,16
1671861243968491430,0,16
1671861243972853685,0,16
1671861243975967442,0,16
1671861244002751364,0,16
1671861244006439769,0,16
1671861244010078802,0,16
1671861244012552854,0,16
1671861244016103189,0,16
1671861244019026473,0,16
1671861244021324281,0,16
1671861244024815384,0,16
1671861244028136322,0,16
1671861244031233317,0,16
1671861244034516765,0,16
1671861244036858887,0,16
1671861244038751807,0,16
1671861244042419855,0,16
1671861244045034423,0,16
1671861244048328582,0,16
1671861244051035857,0,16
1671861244053541389,0,16
1671861244056669603,0,16
1671861244059835387,0,16
1671861244062690623,0,16
1671861244111451471,0,16
1671861244114450990,0,16
1671861244119027160,0,16
1671861244121105131,0,16
1671861244123320694,0,16
1671861244126778352,0,16
1671861244130444937,0,16
1671861244133200664,0,16
1671861244135992649,0,16
1671861244166125484,1,16
1671861244173676096,1,16
1671861244175897449,1,16
1671861244179337183,1,16
1671861244183328574,1,16
1671861244193191310,1,16
1671861244198509979,1,16
1671861244216978509,1,16
1671861244219586436,1,16
1671861244221961030,1,16
1671861244224294607,1,16
1671861244227030546,1,16
1671861244231078364,1,16
1671861244234057515,1,16
1671861244236244753,1,16
1671861244239066786,1,16
1671861244241720109,1,16
1671861244244601153,1,16
1671861244247759664,1,16
1671861244251383788,1,16
1671861244254235096,1,16
1671861244257102926,1,16
1671861244260336860,1,16
1671861244265113280,1,16
1671861244268128288,1,16
1671861244272470535,1,16
1671861244277269957,1,16
1671861244280057325,1,16
1671861244283730481,1,16
1671861244288850453,1,16
1671861244293037073,1,16
1671861244295572443,1,16
1671861244297838922,1,16
1671861244300512422,1,16
1671861244303980621,1,16
1671861244307887321,1,16
1671861244313100560,1,16
1671861244319731927,1,16
1671861244321864222,1,16
1671861244325694657,1,16
1671861244329096400,1,16
1671861244331754892,1,16
1671861244334181093,1,16
1671861244336091808,1,16
1671861244338968785,1,16
1671861244367628736,1,16
1671861244372468496,1,16
1671861244374901351,1,16
1671861244376762841,1,16
1671861244379302939,1,16
1671861244381323532,1,16
1671861244383611762,1,14
1671861244393398334,1,14
1671861244396550354,1,14
1671861244398940316,1,14
1671861244401371147,1,14
1671861244403380098,1,14
1671861244407902315,1,14
1671861244411806541,1,14
1671861244414139696,1,14
1671861244416640018,1,14
1671861244418666241,1,14
1671861244421413763,1,14
1671861244424092784,1,14
1671861244426595441,1,14
1671861244429569533,1,14
1671861244432474452,1,14
1671861244434359808,1,14
1671861244436709505,1,14
1671861244438640107,1,14
1671861244440743566,1,14
1671861244444948242,1,14
1671861244450707345,1,14
1671861244466824576,1,14
1671861244469912403,1,14
1671861244472590071,1,14
1671861244474817827,1,14
1671861244476740013,1,14
1671861244480810986,1,14
1671861244483104866,1,14
1671861244485493877,1,14
1671861244501447457,1,14
1671861244504763908,1,14
1671861244507566504,1,14
1671861244510366174,1,14
1671861244513252319,1,14
1671861244516162027,1,14
1671861244518586967,1,14
1671861244521684652,1,14
1671861244524640568,1,14
1671861244527852962,1,14
1671861244531011914,1,14
1671861244533509711,1,14
1671861244536202880,1,14
1671861244538308814,1,14
1671861244562392876,1,14
1671861244565966443,3,14
1671861244572430394,3,18
1671861244615381913,3,18
1671861244617564072,3,18
1671861244621573768,3,18
1671861244624480220,3,18
1671861244627585089,3,18
1671861244665698270,3,18
1671861244669776025,3,18
1671861244678456460,3,18
1671861244686970318,3,18
1671861244717036286,3,18
1671861244720026697,3,18
1671861244722565844,3,18
1671861244725000232,3,18
1671861244728012456,3,18
1671861244730798470,3,18
1671861244774076858,1,23
1671861244792293801,1,23
1671861244822987479,1,23
1671861244862990836,1,23
1671861244871788333,1,23
1671861244875289915,1,23
1671861244894969512,1,23
1671861244899274167,1,23
1671861244901297915,1,23
1671861244937286075,1,23
1671861244939514422,1,23
1671861244941956274,1,23
1671861244968460415,2,23
1671861244972001402,2,23
1671861244974563091,2,23
1671861244976510794,2,23
1671861244978508734,2,23
1671861244980546159,2,23
1671861244982738638,2,23
1671861244985197543,2,19
1671861244992902146,2,19
1671861244995264487,2,19
1671861244997363618,2,19
1671861244999859002,2,19
1671861245002994819,2,19
1671861245006616188,2,19
1671861245009707151,2,19
1671861245012209837,2,19
1671861245014354916,2,19
1671861245016313512,2,19
1671861245018721389,2,19
1671861245020821612,2,19
1671861245023432134,2,19
1671861245051819026,2,19
1671861245054450487,2,19
1671861245057019601,2,19
1671861245059220976,2,19
1671861245061277096,2,19
1671861245108096510,2,19
1671861245110542339,2,19
1671861245112795103,2,19
1671861245136755941,2,19
1671861245139935240,2,19
1671861245141846806,2,19
1671861245143973130,2,19
1671861245147897825,2,19
1671861245150606061,2,19
1671861245153104369,2,19
1671861245154960641,2,19
1671861245157089048,2,19
1671861245159483089,2,19
1671861245161764155,2,19
1671861245164638087,2,19
1671861245167812097,0,19
1671861245180488401,0,19
1671861245183559265,0,16
1671861245193096124,0,16
1671861245195576549,0,16
1671861245198185287,0,16
1671861245200394727,0,16
1671861245202970513,0,16
1671861245205960124,0,16
1671861245208525860,0,16
1671861245211118839,0,16
1671861245213749008,0,16
1671861245215938430,0,16
1671861245218031049,0,16
1671861245220289233,0,16
1671861245223078363,0,16
1671861245227551257,0,16
1671861245230752879,0,16
1671861245232900002,0,16
1671861245236009981,0,16
1671861245238504462,0,16
1671861245240987291,0,16
1671861245242924766,0,16
1671861245245397737,0,16
1671861245248717664,0,16
1671861245251409119,0,16
1671861245254211104,0,16
1671861245256488874,0,16
1671861245259191560,0,16
1671861245261574521,0,16
1671861245264952557,0,16
1671861245268223873,0,16
1671861245270771956,0,16
1671861245272748795,0,16
1671861245275201367,0,16
1671861245277922128,0,16
1671861245280199276,0,16
1671861245281960006,0,16
1671861245284239931,0,16
1671861245286838169,0,16
1671861245289708042,0,16
1671861245291883359,0,16
1671861245293902979,0,16
1671861245295678817,0,16
1671861245297437453,0,16
1671861245299237097,0,16
1671861245300980574,0,16
1671861245302800365,0,16
1671861245305289506,0,16
1671861245308376552,0,16
1671861245311199807,0,16
1671861245313131049,0,16
1671861245315024010,0,16
1671861245316943672,0,16
1671861245318771680,0,16
1671861245320584408,0,16
1671861245322307386,0,16
1671861245324437516,0,16
1671861245326824394,0,16
1671861245329098357,0,16
1671861245331208299,0,16
1671861245332918723,0,16
1671861245334776236,0,16
1671861245336461213,0,16
1671861245338466356,0,16
1671861245340392639,0,16
1671861245342776200,0,16
1671861245344881243,0,16
1671861245347706161,0,16
1671861245350826950,0,16
1671861245352841281,0,16
1671861245354935573,0,16
1671861245356788277,0,16
1671861245359506163,0,16
1671861245361175008,1,16
1671861245392737004,1,16
1671861245412060304,1,16
1671861245414145990,1,16
1671861245416063678,1,16
1671861245417731812,1,16
1671861245419410296,1,16
1671861245421114878,1,16
1671861245423067693,1,16
1671861245425306470,1,16
1671861245428689185,1,16
1671861245431361274,1,16
1671861245433104941,1,16
1671861245434819062,1,16
1671861245450969095,1,16
1671861245452922409,1,16
1671861245454799350,1,16
1671861245456575759,1,16
1671861245458893054,1,16
1671861245476488538,1,16
1671861245478287260,1,16
1671861245480197764,1,16
1671861245497778671,1,16
1671861245499470811,1,16
1671861245501159825,1,16
1671861245502841284,1,16
1671861245505466834,1,16
1671861245508344573,1,16
1671861245510966556,1,16
1671861245512769064,1,16
1671861245514474158,1,16
1671861245516166048,1,16
1671861245517905688,1,16
1671861245519587748,1,16
1671861245521275148,1,16
1671861245523111762,1,16
1671861245525203830,1,16
1671861245529058751,1,16
1671861245531173433,1,16
1671861245532837329,1,16
1671861245534516895,1,16
1671861245536172264,1,16
1671861245537830660,1,16
1671861245539540022,1,16
1671861245541255276,1,16
1671861245542916937,1,16
1671861245544986723,1,16
1671861245547529596,1,16
1671861245549662612,1,16
1671861245551529934,1,16
1671861245553222334,1,16
1671861245555052085,1,16
1671861245556955726,1,16
1671861245558695706,1,16
1671861245560384979,1,16
1671861245562071388,1,16
1671861245564021648,1,16
1671861245566173509,1,16
1671861245575817762,1,16
1671861245577510552,1,16
1671861245579192974,1,16
1671861245580855207,1,16
1671861245582515927,1,16
1671861245584593397,1,16
1671861245593271286,1,16
1671861245595032477,1,16
1671861245596692256,1,16
1671861245598355721,1,16
1671861245600321489,1,16
1671861245602036492,1,16
1671861245603982193,1,16
1671861245606701771,1,16
1671861245609371635,1,16
1671861245611627394,1,16
1671861245613326837,1,16
1671861245615011853,1,16
1671861245616709543,1,16
1671861245618472517,1,16
1671861245620141763,1,16
1671861245621801552,1,16
1671861245623540199,1,16
1671861245625580930,1,16
1671861245627802283,1,16
1671861245629965647,1,16
1671861245631848448,1,16
1671861245633538864,1,16
1671861245635554157,1,16
1671861245637266405,1,16
1671861245638946411,1,16
1671861245640680660,1,16
1671861245642366378,1,16
1671861245644477372,1,16
1671861245646872825,1,16
1671861245649019456,1,16
1671861245650884054,1,16
1671861245652561195,1,16
1671861245654295034,1,16
1671861245656056664,1,16
1671861245657744546,1,16
1671861245659448108,1,16
1671861245661137282,1,16
1671861245662878404,1,16
1671861245665106500,1,16
1671861245667402104,1,16
1671861245669507859,1,16
1671861245671572185,1,16
1671861245673375956,1,16
1671861245675061653,1,16
1671861245676742220,1,16
1671861245678449820,1,16
1671861245680124727,1,16
1671861245681810544,1,16
1671861245683595389,1,16
1671861245686596642,1,16
1671861245689405520,1,16
1671861245691819549,1,16
1671861245693500146,1,16
1671861245695174041,1,16
1671861245696840853,1,16
1671861245698565154,1,16
1671861245700233878,1,16
1671861245701902624,1,16
1671861245703768092,1,16
1671861245706354217,1,16
1671861245709096238,1,16
1671861245711463308,1,16
1671861245713128537,1,16
1671861245714793034,1,16
1671861245716459344,1,16
1671861245718167835,1,16
1671861245719840698,1,16
1671861245721508471,1,16
1671861245723176815,1,16
1671861245725243205,1,16
1671861245727851973,1,16
1671861245730022901,1,16
1671861245731769263,1,16
1671861245733488193,1,16
1671861245735162109,1,16
1671861245736822568,1,16
1671861245738546288,1,16
1671861245740216084,1,16
1671861245741876263,1,16
1671861245743812837,1,16
1671861245745877453,1,16
1671861245748059852,1,16
1671861245750145618,1,16
1671861245751867775,1,16
1671861245753524828,1,16
1671861245755191740,1,16
1671861245756860565,1,16
1671861245758589164,1,16
1671861245760249543,1,16
1671861245761920663,1,16
1671861245763736016,1,16
1671861245765788318,0,16
1671861245774866778,0,16
1671861245776584457,0,16
1671861245778270905,0,16
1671861245779948767,0,16
1671861245781648040,0,16
1671861245783338016,0,21
1671861245788938278,0,21
1671861245790741148,0,21
1671861245792418019,0,21
1671861245794175242,0,21
1671861245795953073,0,21
1671861245797624784,0,21
1671861245799313989,0,21
1671861245801093674,0,21
1671861245802776115,0,21
1671861245805210622,0,21
1671861245808477580,0,21
1671861245810956471,0,21
1671861245812682745,0,21
1671861245814474935,0,21
1671861245816226958,0,21
1671861245818187777,0,21
1671861245820167813,0,21
1671861245822109716,0,21
1671861245824337642,0,21
1671861245826733727,0,21
1671861245828959057,0,21
1671861245830786814,0,21
1671861245832464176,0,21
1671861245834160273,0,21
1671861245835843936,0,21
1671861245837516649,0,21
1671861245839191336,0,21
1671861245840869138,0,21
1671861245842556189,0,21
1671861245844721396,0,21
1671861245847179528,0,21
1671861245849357008,0,21
1671861245851183643,0,21
1671861245852856146,0,21
1671861245854544618,0,21
1671861245856259330,0,21
1671861245857946149,0,21
1671861245859619073,0,21
1671861245861285955,0,21
1671861245862952986,0,21
1671861245865040856,0,21
1671861245867302997,0,21
1671861245869359218,0,21
1671861245871436197,0,21
1671861245873282438,0,21
1671861245874995608,0,21
1671861245876699240,0,21
1671861245878406538,0,21
1671861245880088428,0,21
1671861245881753987,0,21
1671861245883539985,0,21
1671861245886613474,0,21
1671861245888799580,0,21
1671861245890580368,0,21
1671861245892253372,0,21
1671861245893920835,0,21
1671861245895647980,0,21
1671861245897307157,0,21
1671861245898969050,0,21
1671861245900638006,0,21
1671861245902311119,0,21
1671861245904346629,0,21
1671861245906756460,0,21
1671861245908982453,0,21
1671861245910956988,0,21
1671861245912646953,0,21
1671861245914307222,0,21
1671861245916209240,0,21
1671861245918009044,0,21
1671861245919676136,0,21
1671861245921353347,0,21
1671861245923025218,0,21
1671861245925188402,0,21
1671861245927784515,0,21
1671861245929945243,0,21
1671861245931719469,0,21
1671861245933410707,0,21
1671861245935119227,0,21
1671861245936785999,0,21
1671861245938593627,0,21
1671861245940253005,0,21
1671861245941916961,0,21
1671861245943877119,0,21
1671861245945995497,0,21
1671861245948154552,0,21
1671861245950505321,0,21
1671861245952448015,0,21
1671861245954267256,0,21
1671861245956456519,0,21
1671861245958176411,0,21
1671861245959883228,0,21
1671861245961548126,0,21
1671861245963211431,0,21
1671861245965404060,2,21
1671861245977773792,2,21
1671861245979566904,2,21
1671861245981259274,2,21
1671861245983082111,2,14
1671861245992236314,2,14
1671861245994154953,2,14
1671861245995898020,2,14
1671861245997663208,2,14
1671861245999350458,2,14
1671861246001110606,2,14
1671861246002857500,2,14
1671861246005145450,2,14
1671861246007767883,2,14
1671861246010042428,2,14
1671861246012037893,2,14
1671861246013729161,2,14
1671861246015559863,2,14
1671861246017258835,2,14
1671861246019091762,2,14
1671861246020804311,2,14
1671861246022597583,2,14
1671861246024683870,2,14
1671861246027381376,2,14
1671861246029611987,2,14
1671861246031585781,2,14
1671861246033307747,2,14
1671861246035398863,2,14
1671861246037105901,2,14
1671861246038771751,2,14
1671861246040454503,2,14
1671861246042214521,2,14
1671861246044400186,2,14
1671861246046735376,2,14
1671861246053061034,2,14
1671861246054884843,2,14
1671861246056593755,2,14
1671861246058508216,2,14
1671861246060270749,2,14
1671861246061959372,2,14
1671861246064032915,2,14
1671861246066194385,2,14
1671861246068920325,2,14
1671861246071197715,2,14
1671861246073092760,2,14
1671861246074791782,2,14
1671861246076461759,2,14
1671861246078251003,2,14
1671861246080273810,2,14
1671861246082098731,2,14
1671861246084177915,2,14
1671861246086576885,2,14
1671861246089439044,2,14
1671861246091516083,2,14
1671861246093724202,2,14
1671861246095536409,2,14
1671861246097212839,2,14
1671861246099230957,2,14
1671861246101024528,2,14
1671861246102938178,2,14
1671861246105248371,2,14
1671861246107715019,2,14
1671861246109985535,2,14
1671861246113392247,2,14
1671861246116026914,2,14
1671861246117826988,2,14
1671861246122626222,2,14
1671861246126361787,2,14
1671861246128753594,2,14
1671861246130808051,2,14
1671861246132467969,2,14
1671861246134219561,2,14
1671861246135936097,2,14
1671861246137659436,2,14
1671861246139341576,2,14
1671861246141042392,2,14
1671861246142728200,2,14
1671861246144680634,2,14
1671861246147223126,2,14
1671861246149418339,2,14
1671861246151444022,2,14
1671861246153112777,2,14
1671861246154784558,2,14
1671861246156601955,2,14
1671861246158320414,2,14
1671861246159979762,2,14
1671861246161648307,2,14
1671861246163453190,2,14
1671861246165601515,1,14
1671861246178140358,1,14
1671861246179841084,1,14
1671861246181646217,1,14
1671861246183380938,1,12
1671861246192930822,1,12
1671861246194732840,1,12
1671861246196402065,1,12
1671861246198072073,1,12
1671861246199740779,1,12
1671861246201416898,1,12
1671861246203069141,1,12
1671861246205111164,1,12
1671861246207521807,1,12
1671861246209653821,1,12
1671861246211534268,1,12
1671861246213199997,1,12
1671861246214969513,1,12
1671861246216645362,1,12
1671861246218366918,1,12
1671861246220070238,1,12
1671861246221739604,1,12
1671861246223664255,1,12
1671861246225951273,1,12
1671861246228264791,1,12
1671861246230201585,1,12
1671861246232068466,1,12
1671861246233756899,1,12
1671861246235464217,1,12
1671861246237256095,1,12
1671861246238982921,1,12
1671861246240799687,1,12
1671861246242486637,1,12
1671861246244555490,1,12
1671861246247377644,1,12
1671861246249428073,1,12
1671861246251322115,1,12
1671861246253023752,1,12
1671861246254740880,1,12
1671861246256571031,1,12
1671861246258333694,1,12
1671861246260168003,1,12
1671861246262164480,1,12
1671861246264473961,1,12
1671861246266830651,1,12
1671861246269041404,1,12
1671861246271128884,1,12
1671861246272925161,1,12
1671861246274758107,1,12
1671861246276419548,1,12
1671861246278296559,1,12
1671861246279956107,1,12
1671861246281821735,1,12
1671861246283976111,1,12
1671861246286397204,1,12
1671861246289426189,1,12
1671861246291533246,1,12
1671861246293625255,1,12
1671861246295362760,1,12
1671861246297024672,1,12
1671861246298710009,1,12
1671861246300372082,1,12
1671861246302039354,1,12
1671861246304091666,1,12
1671861246306279316,1,12
1671861246308525707,1,12
1671861246310604941,1,12
1671861246312417759,1,12
1671861246314090261,1,12
1671861246315797540,1,12
1671861246317483718,1,12
1671861246319153435,1,12
1671861246320825045,1,12
1671861246322530811,1,12
1671861246324611708,1,12
1671861246327130996,1,12
1671861246329290702,1,12
1671861246331123279,1,12
1671861246332795140,1,12
1671861246334479615,1,12
1671861246336161234,1,12
1671861246337859535,1,12
1671861246339531527,1,12
1671861246341203579,1,12
1671861246342873526,1,12
1671861246344930337,1,12
1671861246347517544,1,12
1671861246349705715,1,12
1671861246351456125,1,12
1671861246353214129,1,12
1671861246354876683,1,12
1671861246356558413,1,12
1671861246358275019,1,12
1671861246359983799,1,12
1671861246361661321,1,12
1671861246363639364,1,12
1671861246365907295,4,12
1671861246371531373,4,12
1671861246373242929,4,12
1671861246375101624,4,12
1671861246376780619,4,12
1671861246378628774,4,12
1671861246380316296,4,12
1671861246382227410,4,12
1671861246384309299,4,17
1671861246392449258,4,17
1671861246394314586,4,17
1671861246396136653,4,17
1671861246398089908,4,17
1671861246399778610,4,17
1671861246401874696,4,17
1671861246404104375,4,17
1671861246406481404,4,17
1671861246409498135,4,17
1671861246411310023,4,17
1671861246413101872,4,17
1671861246415496683,4,17
1671861246418506342,4,17
1671861246420654056,4,17
1671861246422696851,4,17
1671861246446401793,4,17
1671861246448675385,4,17
1671861246450684746,4,17
1671861246453314765,4,17
1671861246455266236,4,17
1671861246458177308,4,17
1671861246460043478,4,17
1671861246461925528,4,17
1671861246464310982,4,17
1671861246466859205,4,17
1671861246469529951,4,17
1671861246472025574,4,17
1671861246473873820,4,17
1671861246475769386,4,17
1671861246477522712,4,17
1671861246479439186,4,17
1671861246481194215,4,17
1671861246483001914,4,17
1671861246486447169,4,17
1671861246489134495,4,17
1671861246491539177,4,17
1671861246494119391,4,17
1671861246496145634,4,17
1671861246498173120,4,17
1671861246500156422,4,17
1671861246501857919,4,17
1671861246504293288,4,17
1671861246506983761,4,17
1671861246509217198,4,17
1671861246511253500,4,17
1671861246512988691,4,17
1671861246515044901,4,17
1671861246517902091,4,17
1671861246519999308,4,17
1671861246522099612,4,17
1671861246524682572,4,17
1671861246527532257,4,17
1671861246529750554,4,17
1671861246531875615,4,17
1671861246533643999,4,17
1671861246535455685,4,17
1671861246537213539,4,17
1671861246539083907,4,17
1671861246540783030,4,17
1671861246542947806,4,17
1671861246545291842,4,17
1671861246547876926,4,17
1671861246550017355,4,17
1671861246551689226,4,17
1671861246553366036,4,17
1671861246555105887,4,17
1671861246557133112,4,17
1671861246558886939,4,17
1671861246560759861,4,17
1671861246562835017,4,17
1671861246565019451,4,17
1671861246567273427,5,17
1671861246572464082,5,17
1671861246574453716,5,17
1671861246576115608,5,17
1671861246577792980,5,17
1671861246579812169,5,17
1671861246581619357,5,17
1671861246583798130,5,7
1671861246592244270,5,7
1671861246594190221,5,7
1671861246596530039,5,7
1671861246598361563,5,7
1671861246600455074,5,7
1671861246602537854,5,7
1671861246605836961,5,7
1671861246608679393,5,7
1671861246610739000,5,7
1671861246612501382,5,7
1671861246614439749,5,7
1671861246616439092,5,7
1671861246618147502,5,7
1671861246620032697,5,7
1671861246621890992,5,7
1671861246624187278,5,7
1671861246626703691,5,7
1671861246629034381,5,7
1671861246631051237,5,7
1671861246632840521,5,7
1671861246635214814,5,7
1671861246637268850,5,7
1671861246639613367,5,7
1671861246642194814,5,7
1671861246644539370,5,7
1671861246647170411,5,7
1671861246649817983,5,7
1671861246651846650,5,7
1671861246653659378,5,7
1671861246655471105,5,7
1671861246657319351,5,7
1671861246658982716,5,7
1671861246660603730,5,7
1671861246662302633,5,7
1671861246664823525,5,7
1671861246667202697,5,7
1671861246669397339,5,7
1671861246671527220,5,7
1671861246674135527,5,7
1671861246675822617,5,7
1671861246708038863,5,7
1671861246710987275,5,7
1671861246713033327,5,7
1671861246714781682,5,7
1671861246716653643,5,7
1671861246718519271,5,7
1671861246720525247,5,7
1671861246723077347,5,7
1671861246725587267,5,7
1671861246727767153,5,7
1671861246729936327,5,7
1671861246731789241,5,7
1671861246733499996,5,7
1671861246735245437,5,7
1671861246737311256,5,7
1671861246739180971,5,7
1671861246741089752,5,7
1671861246744413537,5,7
1671861246746920922,5,7
1671861246749551071,5,7
1671861246751357207,5,7
1671861246754515217,5,7
1671861246756173883,5,7
1671861246757974237,5,7
1671861246760062579,5,7
1671861246761708160,5,7
1671861246763770251,5,7
1671861246765816632,2,7
1671861246778249675,2,7
1671861246780117417,2,7
1671861246781904226,2,7
1671861246784157621,2,14
1671861246792810033,2,14
1671861246794584288,2,14
1671861246796349345,2,14
1671861246798266782,2,14
1671861246800156948,2,14
1671861246801999973,2,14
1671861246804074147,2,14
1671861246806730476,2,14
1671861246808993158,2,14
1671861246810858025,2,14
1671861246812537881,2,14
1671861246814301085,2,14
1671861246816314545,2,14
1671861246818255787,2,14
1671861246820058095,2,14
1671861246821852538,2,14
1671861246823999170,2,14
1671861246826202249,2,14
1671861246828547787,2,14
1671861246831100199,2,14
1671861246832803680,2,14
1671861246835111178,2,14
1671861246836777539,2,14
1671861246838440272,2,14
1671861246840092366,2,14
1671861246842229229,2,14
1671861246844431506,2,14
1671861246847026658,2,14
1671861246849215309,2,14
1671861246850987932,2,14
1671861246852673610,2,14
1671861246854315614,2,14
1671861246856065883,2,14
1671861246857719900,2,14
1671861246859607872,2,14
1671861246861260367,2,14
1671861246862893774,2,14
1671861246865173859,2,14
1671861246868720647,2,14
1671861246870857950,2,14
1671861246872582842,2,14
1671861246874222151,2,14
1671861246878446815,2,14
1671861246880130708,2,14
1671861246882337674,2,14
1671861246884478145,2,14
1671861246887370480,2,14
1671861246889581043,2,14
1671861246891368163,2,14
1671861246893007353,2,14
1671861246894650248,2,14
1671861246896309976,2,14
1671861246898108417,2,14
1671861246899783966,2,14
1671861246901435909,2,14
1671861246903208741,2,14
1671861246905236207,2,14
1671861246907389842,2,14
1671861246909566491,2,14
1671861246911374520,2,14
1671861246913055869,2,14
1671861246914807732,2,14
1671861246917300711,2,14
1671861246934955076,2,14
1671861246936634772,2,14
1671861246938344134,2,14
1671861246940034351,2,14
1671861246941715169,2,14
1671861246943790535,2,14
1671861246946304533,2,14
1671861246948566895,2,14
1671861246950308268,2,14
1671861246951971061,2,14
1671861246953620710,2,14
1671861246955262655,2,14
1671861246956913647,2,14
1671861246958560360,2,14
1671861246960208425,2,14
1671861246961855179,2,14
1671861246963972525,2,14
1671861246966325608,4,14
1671861246971543606,4,14
1671861246973212451,4,14
1671861246974866819,4,14
1671861246976512590,4,14
1671861246978257059,4,14
1671861246980004093,4,14
1671861246982199317,4,14
1671861246984436840,4,23
1671861246992339830,4,23
1671861246994203305,4,23
1671861246996129559,4,23
1671861247012834304,4,23
1671861247014855317,4,23
1671861247017166260,4,23
1671861247019257046,4,23
1671861247021400672,4,23
1671861247024087728,4,23
1671861247026781418,4,23
1671861247029848325,4,23
1671861247031591962,4,23
1671861247074240946,4,23
1671861247091142384,4,23
1671861247092873247,4,23
1671861247095092627,4,23
1671861247096879355,4,23
1671861247102661693,4,23
1671861247111644812,4,23
1671861247113759062,4,23
1671861247115513740,4,23
1671861247117241287,4,23
1671861247118938146,4,23
1671861247120659450,4,23
1671861247122363432,4,23
1671861247124474968,4,23
1671861247126962796,4,23
1671861247129177957,4,23
1671861247130987470,4,23
1671861247132646217,4,23
1671861247134325281,4,23
1671861247135986953,4,23
1671861247137646470,4,23
1671861247139313873,4,23
1671861247140979092,4,23
1671861247142649771,4,23
1671861247144692204,4,23
1671861247146856429,4,23
1671861247148908352,4,23
1671861247150670303,4,23
1671861247152371370,4,23
1671861247154044674,4,23
1671861247155695205,4,23
1671861247157361295,4,23
1671861247159022465,4,23
1671861247160677324,4,23
1671861247162574723,4,23
1671861247164912327,2,23
1671861247168972908,2,23
1671861247171698078,2,23
1671861247173352877,2,23
1671861247175000762,2,23
1671861247176651643,2,23
1671861247178300100,2,23
1671861247179964317,2,23
1671861247181767517,2,23
1671861247183824919,2,19
1671861247192671298,2,19
1671861247194531296,2,19
1671861247196222374,2,19
1671861247197899616,2,19
1671861247199570645,2,19
1671861247201241133,2,19
1671861247202922923,2,19
1671861247205009181,2,19
1671861247207171893,2,19
1671861247209471845,2,19
1671861247211306876,2,19
1671861247212996471,2,19
1671861247214649015,2,19
1671861247216325084,2,19
1671861247218019838,2,19
1671861247219716877,2,19
1671861247221437531,2,19
1671861247223357232,2,19
1671861247225575339,2,19
1671861247227878007,2,19
1671861247229827485,2,19
1671861247231544792,2,19
1671861247233252741,2,19
1671861247235481930,2,19
1671861247237369410,2,19
1671861247239109772,2,19
1671861247245415291,2,19
1671861247251916082,2,19
1671861247253609233,2,19
1671861247255305240,2,19
1671861247257039791,2,19
1671861247258716591,2,19
1671861247260385927,2,19
1671861247262169159,2,19
1671861247264278140,2,19
1671861247266826303,2,19
1671861247269020354,2,19
1671861247271141167,2,19
1671861247272944748,2,19
1671861247274625706,2,19
1671861247276296796,2,19
1671861247278041455,2,19
1671861247279730008,2,19
1671861247281391039,2,19
1671861247283258711,2,19
1671861247286044485,2,19
1671861247288825771,2,19
1671861247290876199,2,19
1671861247292998204,2,19
1671861247294823607,2,19
1671861247296486581,2,19
1671861247298167279,2,19
1671861247299839641,2,19
1671861247301505811,2,19
1671861247303331574,2,19
1671861247305894025,2,19
1671861247308539081,2,19
1671861247310875142,2,19
1671861247312533739,2,19
1671861247314190401,2,19
1671861247315856430,2,19
1671861247318122398,2,19
1671861247319827052,2,19
1671861247321507640,2,19
1671861247323412031,2,19
1671861247325462711,2,19
1671861247327713340,2,19
1671861247329861966,2,19
1671861247331745398,2,19
1671861247333392852,2,19
1671861247335096735,2,19
1671861247336748688,2,19
1671861247338403807,2,19
1671861247340059547,2,19
1671861247341708786,2,19
1671861247343750288,2,19
1671861247346106578,2,19
1671861247348279398,2,19
1671861247350070816,2,19
1671861247351722910,2,19
1671861247353374022,2,19
1671861247355023841,2,19
1671861247356685382,2,19
1671861247358347946,2,19
1671861247360013425,2,19
1671861247361676229,2,19
1671861247363747287,2,19
1671861247365892646,0,19
1671861247371348675,0,19
1671861247373274969,0,19
1671861247375036580,0,19
1671861247376780268,0,19
1671861247378482757,0,19
1671861247384369322,0,20
1671861247397036969,0,20
1671861247398739118,0,20
1671861247400419265,0,20
1671861247402135821,0,20
1671861247404453186,0,20
1671861247407217920,0,20
1671861247409824104,0,20
1671861247411788870,0,20
1671861247413503482,0,20
1671861247415208606,0,20
1671861247416885698,0,20
1671861247418595631,0,20
1671861247420307147,0,20
1671861247422029464,0,20
1671861247424138975,0,20
1671861247426522556,0,20
1671861247428784997,0,20
1671861247430568781,0,20
1671861247432277592,0,20
1671861247433951527,0,20
1671861247435624680,0,20
1671861247437289528,0,20
1671861247438969214,0,20
1671861247440706470,0,20
1671861247442377088,0,20
1671861247444443758,0,20
1671861247446981662,0,20
1671861247449275162,0,20
1671861247451103139,0,20
1671861247452845033,0,20
1671861247454533666,0,20
1671861247456221608,0,20
1671861247457970645,0,20
1671861247459674557,0,20
1671861247461377557,0,20
1671861247463319751,0,20
1671861247465567775,0,20
1671861247468423662,0,20
1671861247470655836,0,20
1671861247472467462,0,20
1671861247474167407,0,20
1671861247475862081,0,20
1671861247477541225,0,20
1671861247479247342,0,20
1671861247480940494,0,20
1671861247482617975,0,20
1671861247486312462,0,20
1671861247488653593,0,20
1671861247490470259,0,20
1671861247492194649,0,20
1671861247493902358,0,20
1671861247495608014,0,20
1671861247497283723,0,20
1671861247498962546,0,20
1671861247500661268,0,20
1671861247502332648,0,20
1671861247504600521,0,20
1671861247507139276,0,20
1671861247509387910,0,20
1671861247511221158,0,20
1671861247512893701,0,20
1671861247514568327,0,20
1671861247516342161,0,20
1671861247518159738,0,20
1671861247519874361,0,20
1671861247521765809,0,20
1671861247542388675,0,20
1671861247547854422,0,20
1671861247549922785,0,20
1671861247551668366,0,20
1671861247562045239,0,20
1671861247564342756,0,20
1671861247566706399,0,20
1671861247571696053,0,20
1671861247573435843,0,20
1671861247575128213,0,20
1671861247576822578,0,20
1671861247578542750,0,20
1671861247580220382,0,20
1671861247581892293,0,20
1671861247583971196,0,20
1671861247592232967,0,20
1671861247594109386,0,20
1671861247595807707,0,20
1671861247597490839,0,20
1671861247599197437,0,20
1671861247600874939,0,20
1671861247602572769,0,20
1671861247604993450,0,20
1671861247607490487,0,20
1671861247609821989,0,20
1671861247611648603,0,20
1671861247613321235,0,20
1671861247632076831,0,20
1671861247634121789,0,20
1671861247635797117,0,20
1671861247637674177,0,20
1671861247639558612,0,20
1671861247641272823,0,20
1671861247643302062,0,20
1671861247645356979,0,20
1671861247647542976,0,20
1671861247649497574,0,20
1671861247651230340,0,20
1671861247652881030,0,20
1671861247654533545,0,20
1671861247656182523,0,20
1671861247657890934,0,20
1671861247659549299,0,20
1671861247661219236,0,20
1671861247662952283,0,20
1671861247664909085,0,20
1671861247668436455,0,20
1671861247670521991,0,20
1671861247672332836,0,20
1671861247673985491,0,20
1671861247675633687,0,20
1671861247677281582,0,20
1671861247678945148,0,20
1671861247680618272,0,20
1671861247682319218,0,20
1671861247684412157,0,20
1671861247687743757,0,20
1671861247690141124,0,20
1671861247691987576,0,20
1671861247698052069,0,20
1671861247704236930,0,20
1671861247706847832,0,20
1671861247709292018,0,20
1671861247711229633,0,20
1671861247712893880,0,20
1671861247714556263,0,20
1671861247716224617,0,20
1671861247717925614,0,20
1671861247719591484,0,20
1671861247721253266,0,20
1671861247723153760,0,20
1671861247725320981,0,20
1671861247727470288,0,20
1671861247729449943,0,20
1671861247731189332,0,20
1671861247732876542,0,20
1671861247734553853,0,20
1671861247736243659,0,20
1671861247738023956,0,20
1671861247739717888,0,20
1671861247741431568,0,20
1671861247743470546,0,20
1671861247745679677,0,20
1671861247747885750,0,20
1671861247749742141,0,20
1671861247751462645,0,20
1671861247753141630,0,20
1671861247754822498,0,20
1671861247756486143,0,20
1671861247758153325,0,20
1671861247759813385,0,20
1671861247761480066,0,20
1671861247763482243,0,20
1671861247765541829,1,20
1671861247770921424,1,20
1671861247772616649,1,20
1671861247774284893,1,20
1671861247775987423,1,20
1671861247777653403,1,20
1671861247779334992,1,20
1671861247781008536,1,20
1671861247783408498,1,23
1671861247791727187,1,23
1671861247796326851,1,23
1671861247798030633,1,23
1671861247799708105,1,23
1671861247801384244,1,23
1671861247803226969,1,23
1671861247805785972,1,23
1671861247808393278,1,23
1671861247810499373,1,23
1671861247812159381,1,23
1671861247813809050,1,23
1671861247815487664,1,23
1671861247817148365,1,23
1671861247818838260,1,23
1671861247820490573,1,23
1671861247822155632,1,23
1671861247824233854,1,23
1671861247827061667,1,23
1671861247829395684,1,23
1671861247831535814,1,23
1671861247833225108,1,23
1671861247834991909,1,23
1671861247840100409,1,23
1671861247846975318,1,23
1671861247849282635,1,23
1671861247851090263,1,23
1671861247852755952,1,23
1671861247854504760,1,23
1671861247856172093,1,23
1671861247857932612,1,23
1671861247859631314,1,23
1671861247861319215,1,23
1671861247863347182,1,23
1671861247865510095,1,23
1671861247868390379,1,23
1671861247870530407,1,23
1671861247872319130,1,23
1671861247873985491,1,23
1671861247875687790,1,23
1671861247877344863,1,23
1671861247879003759,1,23
1671861247880664479,1,23
1671861247882332703,1,23
1671861247884412699,1,23
1671861247887196869,1,23
1671861247889846014,1,23
1671861247892060535,1,23
1671861247893860739,1,23
1671861247895533742,1,23
1671861247897244938,1,23
1671861247898930465,1,23
1671861247900668552,1,23
1671861247902388414,1,23
1671861247904659591,1,23
1671861247907154324,1,23
1671861247909436843,1,23
1671861247911265882,1,23
1671861247912954936,1,23
1671861247914626997,1,23
1671861247916288038,1,23
1671861247917959148,1,23
1671861247919628404,1,23
1671861247921299794,1,23
1671861247923137299,1,23
1671861247925196285,1,23
1671861247927377171,1,23
1671861247929325997,1,23
1671861247931079554,1,23
1671861247932751556,1,23
1671861247934497948,1,23
1671861247936196619,1,23
1671861247937973540,1,23
1671861247939648447,1,23
1671861247941743591,1,23
1671861247943854585,1,23
1671861247946299953,1,23
1671861247948520726,1,23
1671861247950342431,1,23
1671861247952025683,1,23
1671861247953674540,1,23
1671861247955367131,1,23
1671861247957024886,1,23
1671861247958693400,1,23
1671861247960343169,1,23
1671861247961991616,1,23
1671861247964199234,1,23
1671861247966647106,0,23
1671861247971376888,0,23
1671861247973102461,0,23
1671861247975084710,0,23
1671861247976849107,0,23
1671861247981861975,0,16
1671861247994104536,0,16
1671861247995923637,0,16
1671861247997590398,0,16
1671861247999269483,0,16
1671861248000959999,0,16
1671861248002646588,0,16
1671861248004902047,0,16
1671861248007734849,0,16
1671861248010115104,0,16
1671861248011943021,0,16
1671861248013637536,0,16
1671861248015350795,0,16
1671861248017021123,0,16
1671861248018691191,0,16
1671861248020358253,0,16
1671861248022023902,0,16
1671861248024181685,0,16
1671861248026844686,0,16
1671861248032341141,0,16
1671861248034752154,0,16
1671861248036484340,0,16
1671861248038228348,0,16
1671861248039931097,0,16
1671861248041617486,0,16
1671861248043683074,0,16
1671861248045975783,0,16
1671861248048204560,0,16
1671861248050011668,0,16
1671861248051692676,0,16
1671861248053359508,0,16
1671861248055026510,0,16
1671861248056693381,0,16
1671861248058371715,0,16
1671861248060046071,0,16
1671861248061820557,0,16
1671861248063998637,0,16
1671861248066457802,0,16
1671861248068570790,0,16
1671861248071012080,0,16
1671861248072797466,0,16
1671861248074481781,0,16
1671861248076194130,0,16
1671861248077867213,0,16
1671861248079516511,0,16
1671861248081236463,0,16
1671861248083054632,0,16
1671861248086244643,0,16
1671861248088465655,0,16
1671861248090244199,0,16
1671861248091908516,0,16
1671861248093567242,0,16
1671861248095306360,0,16
1671861248096965858,0,16
1671861248098659360,0,16
1671861248100407556,0,16
1671861248102067154,0,16
1671861248104458189,0,16
1671861248107382366,0,16
1671861248109729989,0,16
1671861248111732376,0,16
1671861248113407884,0,16
1671861248115117016,0,16
1671861248117323131,0,16
1671861248119031631,0,16
1671861248121010374,0,16
1671861248126705927,0,16
1671861248131783979,0,16
1671861248133550971,0,16
1671861248135284569,0,16
1671861248136928777,0,16
1671861248138572044,0,16
1671861248140223327,0,16
1671861248141880560,0,16
1671861248144020048,0,16
1671861248146630900,0,16
1671861248148857384,0,16
1671861248150696982,0,16
1671861248152371458,0,16
1671861248154033160,0,16
1671861248155731321,0,16
1671861248157415406,0,16
1671861248159082397,0,16
1671861248160795106,0,16
1671861248162508686,0,16
1671861248164675677,0,16
1671861248170894332,0,16
1671861248172571633,0,16
1671861248174227915,0,16
1671861248175893013,0,16
1671861248177558742,0,16
1671861248179221727,0,16
1671861248180917063,0,16
1671861248182591118,0,24
1671861248194469708,0,24
1671861248196308055,0,24
1671861248198001347,0,24
1671861248199690851,0,24
1671861248201384213,0,24
1671861248203488014,0,24
1671861248206176052,0,24
1671861248208859812,0,24
1671861248210910161,0,24
1671861248212607842,0,24
1671861248214286335,0,24
1671861248216141143,0,24
1671861248217808766,0,24
1671861248219476490,0,24
1671861248221125408,0,24
1671861248222992308,0,24
1671861248225032558,0,24
1671861248227231519,0,24
1671861248229289062,0,24
1671861248231392972,0,24
1671861248233035237,0,24
1671861248234780608,0,24
1671861248236465424,0,24
1671861248238169396,0,24
1671861248240047748,0,24
1671861248241717946,0,24
1671861248243715184,0,24
1671861248246056105,0,24
1671861248248376405,0,24
1671861248250169877,0,24
1671861248251857769,0,24
1671861248253563334,0,24
1671861248255413433,0,24
1671861248257110261,0,24
1671861248258828470,0,24
1671861248260677508,0,24
1671861248266554284,0,24
1671861248271525463,0,24
1671861248273194950,0,24
1671861248274908861,0,24
1671861248276573238,0,24
1671861248278227335,0,24
1671861248280063197,0,24
1671861248281721883,0,24
1671861248284023439,0,24
1671861248286962273,0,24
1671861248289541345,0,24
1671861248291596503,0,24
1671861248293601907,0,24
1671861248295342849,0,24
1671861248297012305,0,24
1671861248298692602,0,24
1671861248300364734,0,24
1671861248302039832,0,24
1671861248304501781,0,24
1671861248307800458,0,24
1671861248310170784,0,24
1671861248311932746,0,24
1671861248313603003,0,24
1671861248315369745,0,24
1671861248317031367,0,24
1671861248318718697,0,24
1671861248320389055,0,24
1671861248322051118,0,24
1671861248324126384,0,24
1671861248326740753,0,24
1671861248329046626,0,24
1671861248330826092,0,24
1671861248332556644,0,24
1671861248334357740,0,24
1671861248336066181,0,24
1671861248337880392,0,24
1671861248339597599,0,24
1671861248341278167,0,24
1671861248343249055,0,24
1671861248345583132,0,24
1671861248347855753,0,24
1671861248349700181,0,24
1671861248351381710,0,24
1671861248353032752,0,24
1671861248354714722,0,24
1671861248356386073,0,24
1671861248358040781,0,24
1671861248359707292,0,24
1671861248361383361,0,24
1671861248363456022,0,24
1671861248365683838,0,24
1671861248370871417,0,24
1671861248372544702,0,24
1671861248374204219,0,24
1671861248375890547,0,24
1671861248377660234,0,24
1671861248379603570,0,24
1671861248381461845,0,24
1671861248383569452,0,23
1671861248388617528,0,23
1671861248390684368,0,23
1671861248392498218,0,23
1671861248394167414,0,23
1671861248395841870,0,23
1671861248397497010,0,23
1671861248399217383,0,23
1671861248400909331,0,23
1671861248402760353,0,23
1671861248405756105,0,23
1671861248413373504,0,23
1671861248418150313,0,23
1671861248419823197,0,23
1671861248421486231,0,23
1671861248423548813,0,23
1671861248425949977,0,23
1671861248428027328,0,23
1671861248429846869,0,23
1671861248431501688,0,23
1671861248433155534,0,23
1671861248434810474,0,23
1671861248436458750,0,23
1671861248438113048,0,23
1671861248439812832,0,23
1671861248441478942,0,23
1671861248443551974,0,23
1671861248445791422,0,23
1671861248448054133,0,23
1671861248449835232,0,23
1671861248451526319,0,23
1671861248453222186,0,23
1671861248454916139,0,23
1671861248456584864,0,23
1671861248458256755,0,23
1671861248459923045,0,23
1671861248461684586,0,23
1671861248463778077,0,23
1671861248466165065,0,23
1671861248468272772,0,23
1671861248470456173,0,23
1671861248472267019,0,23
1671861248474000306,0,23
1671861248475682547,0,23
1671861248477368474,0,23
1671861248479060093,0,23
1671861248480769856,0,23
1671861248482469039,0,23
1671861248485862956,0,23
1671861248488401902,0,23
1671861248490504400,0,23
1671861248492563445,0,23
1671861248494441638,0,23
1671861248496110724,0,23
1671861248497785050,0,23
1671861248499463583,0,23
1671861248501126056,0,23
1671861248502927844,0,23
1671861248504949249,0,23
1671861248507106600,0,23
1671861248509262249,0,23
1671861248511031765,0,23
1671861248512711752,0,23
1671861248514379094,0,23
1671861248516255904,0,23
1671861248517926262,0,23
1671861248519702321,0,23
1671861248521372099,0,23
1671861248523442285,0,23
1671861248525722169,0,23
1671861248528038884,0,23
1671861248529827596,0,23
1671861248531491001,0,23
1671861248533149376,0,23
1671861248534810718,0,23
1671861248536470987,0,23
1671861248538132759,0,23
1671861248539872328,0,23
1671861248541543869,0,23
1671861248544004887,0,23
1671861248546527392,0,23
1671861248553723731,0,23
1671861248558706622,0,23
1671861248560359929,0,23
1671861248562192184,0,23
1671861248564215892,0,23
1671861248566394614,0,23
1671861248577511461,0,23
1671861248579179184,0,23
1671861248580894256,0,23
1671861248582605953,0,16
1671861248588066500,0,16
1671861248590157456,0,16
1671861248592295432,0,16
1671861248594038498,0,16
1671861248595740777,0,16
1671861248597407648,0,16
1671861248599102533,0,16
1671861248600780857,0,16
1671861248602460943,0,16
1671861248605035296,0,16
1671861248607554034,0,16
1671861248609921695,0,16
1671861248611680019,0,16
1671861248613336110,0,16
1671861248615044140,0,16
1671861248616724879,0,16
1671861248618404805,0,16
1671861248620065825,0,16
1671861248621730683,0,16
1671861248623893175,0,16
1671861248626445686,0,16
1671861248628641010,0,16
1671861248630453468,0,16
1671861248632130679,0,16
1671861248633810105,0,16
1671861248635478058,0,16
1671861248637141293,0,16
1671861248638866796,0,16
1671861248640533077,0,16
1671861248642213774,0,16
1671861248644328555,0,16
1671861248646615263,0,16
1671861248648716929,0,16
1671861248650528034,0,16
1671861248652229722,0,16
1671861248653900180,0,16
1671861248655568054,0,16
1671861248657237401,0,16
1671861248658897178,0,16
1671861248660556185,0,16
1671861248662213338,0,16
1671861248664252536,0,16
1671861248666551607,0,16
1671861248668558914,0,16
1671861248670614433,0,16
1671861248672378790,0,16
1671861248674057384,0,16
1671861248675724305,0,16
1671861248677379855,0,16
1671861248679086452,0,16
1671861248681367329,0,16
1671861248683532395,0,16
1671861248686596417,0,16
1671861248689404774,0,16
1671861248695305316,0,16
1671861248700119316,0,16
1671861248701801497,0,16
1671861248704166012,0,16
1671861248707213382,0,16
1671861248709632540,0,16
1671861248711549116,0,16
1671861248713213303,0,16
1671861248714868332,0,16
1671861248716689856,0,16
1671861248718342251,0,16
1671861248720025934,0,16
1671861248721667759,0,16
1671861248723799061,0,16
1671861248726233248,0,16
1671861248728495589,0,16
1671861248730285354,0,16
1671861248731929612,0,16
1671861248733576526,0,16
1671861248735227337,0,16
1671861248736876045,0,16
1671861248738537256,0,16
1671861248740192254,0,16
1671861248741850099,0,16
1671861248743914956,0,16
1671861248746611681,0,16
1671861248748811212,0,16
1671861248750636905,0,16
1671861248752311262,0,16
1671861248753996809,0,16
1671861248755679390,0,16
1671861248757356320,0,16
1671861248759022351,0,16
1671861248760689223,0,16
1671861248762371383,0,16
1671861248764401944,0,16
1671861248768223413,0,16
1671861248778163056,0,16
1671861248779902495,0,16
1671861248781611977,0,16
1671861248783685961,0,25
1671861248797265127,0,25
1671861248799098074,0,25
1671861248800766609,0,25
1671861248802524363,0,25
1671861248805157867,0,25
1671861248807635057,0,25
1671861248810062611,0,25
1671861248811739191,0,25
1671861248813406573,0,25
1671861248815105536,0,25
1671861248816766577,0,25
1671861248818448727,0,25
1671861248820110659,0,25
1671861248821783983,0,25
1671861248824084667,0,25
1671861248826754812,0,25
1671861248829019317,0,25
1671861248830997138,0,25
1671861248835996531,0,25
1671861248840906034,0,25
1671861248842752676,0,25
1671861248844874710,0,25
1671861248847005602,0,25
1671861248848981861,0,25
1671861248850732772,0,25
1671861248852398211,0,25
1671861248854053701,0,25
1671861248855714231,0,25
1671861248857363199,0,25
1671861248859004451,0,25
1671861248860655102,0,25
1671861248862314930,0,25
1671861248864381891,0,25
1671861248867771009,0,25
1671861248869741597,0,25
1671861248871489813,0,25
1671861248873172705,0,25
1671861248874859063,0,25
1671861248876510345,0,25
1671861248878177948,0,25
1671861248879821917,0,25
1671861248881489801,0,25
1671861248883559586,0,25
1671861248886005515,0,25
1671861248888558939,0,25
1671861248890883628,0,25
1671861248892679053,0,25
1671861248894610437,0,25
1671861248896298499,0,25
1671861248897986100,0,25
1671861248899665615,0,25
1671861248901348537,0,25
1671861248903406511,0,25
1671861248906255835,0,25
1671861248908699249,0,25
1671861248910708601,0,25
1671861248912365424,0,25
1671861248914034560,0,25
1671861248915697684,0,25
1671861248917375015,0,25
1671861248919053509,0,25
1671861248920724629,0,25
1671861248922415867,0,25
1671861248924506161,0,25
1671861248926827675,0,25
1671861248928895888,0,25
1671861248930725718,0,25
1671861248932420523,0,25
1671861248934211600,0,25
1671861248935928537,0,25
1671861248937690589,0,25
1671861248939388870,0,25
1671861248941032698,0,25
1671861248943020418,0,25
1671861248945128287,0,25
1671861248947347936,0,25
1671861248949284068,0,25
1671861248951024330,0,25
1671861248952698345,0,25
1671861248954362511,0,25
1671861248956013302,0,25
1671861248957675695,0,25
1671861248959351695,0,25
1671861248961031501,0,25
1671861248963011176,0,25
1671861248965820754,0,25
1671861248973964932,0,25
1671861248975657082,0,25
1671861248981871970,0,23
1671861248991068834,0,23
1671861248992752097,0,23
1671861248994472680,0,23
1671861248996126857,0,23
1671861248997794260,0,23
1671861248999458257,0,23
1671861249001114579,0,23
1671861249003261711,0,23
1671861249005394626,0,23
1671861249007597765,0,23
1671861249009642103,0,23
1671861249011557846,0,23
1671861249013203307,0,23
1671861249014909924,0,23
1671861249016565816,0,23
1671861249018228499,0,23
1671861249019887736,0,23
1671861249021547334,0,23
1671861249023584428,0,23
1671861249026046297,0,23
1671861249028252211,0,23
1671861249030044010,0,23
1671861249031709309,0,23
1671861249033391209,0,23
1671861249035099589,0,23
1671861249036793822,0,23
1671861249038489268,0,23
1671861249040172702,0,23
1671861249041879890,0,23
1671861249043957300,0,23
1671861249046480796,0,23
1671861249048655862,0,23
1671861249050448222,0,23
1671861249052143928,0,23
1671861249053804768,0,23
1671861249055458896,0,23
1671861249057124866,0,23
1671861249058785676,0,23
1671861249060453599,0,23
1671861249062143314,0,23
1671861249064208772,0,23
1671861249066457647,0,23
1671861249068474513,0,23
1671861249070555279,0,23
1671861249072334735,0,23
1671861249074047484,0,23
1671861249075761434,0,23
1671861249077515972,0,23
1671861249079237027,0,23
1671861249080983830,0,23
1671861249083039198,0,23
1671861249085611367,0,23
1671861249088101140,0,23
1671861249089957661,0,23
1671861249091701048,0,23
1671861249093369572,0,23
1671861249095034180,0,23
1671861249096697796,0,23
1671861249098351803,0,23
1671861249100015778,0,23
1671861249101687038,0,23
1671861249104118340,0,23
1671861249107106107,0,23
1671861249109411590,0,23
1671861249111335279,0,23
1671861249113031967,0,23
1671861249114737993,0,23
1671861249117035270,0,23
1671861249118897142,0,23
1671861249120616984,0,23
1671861249127425398,0,23
1671861249132488882,0,23
1671861249134221789,0,23
1671861249135941621,0,23
1671861249137755121,0,23
1671861249139436840,0,23
1671861249141217127,0,23
1671861249143255704,0,23
1671861249145588549,0,23
1671861249147766810,0,23
1671861249149561424,0,23
1671861249151212626,0,23
1671861249152863969,0,23
1671861249154505382,0,23
1671861249156161102,0,23
1671861249157825609,0,23
1671861249159490477,0,23
1671861249161150045,0,23
1671861249163219861,0,23
1671861249165501678,0,23
1671861249173967616,0,23
1671861249175644597,0,23
1671861249177306981,0,23
1671861249178984943,0,23
1671861249180768967,0,23
1671861249182544114,0,17
1671861249188407275,0,17
1671861249190201919,0,17
1671861249191890031,0,17
1671861249193587651,0,17
1671861249195301542,0,17
1671861249196991797,0,17
1671861249198683977,0,17
1671861249200364405,0,17
1671861249202030104,0,17
1671861249204488216,0,17
1671861249207068841,0,17
1671861249209421133,0,17
1671861249211211639,0,17
1671861249212889211,0,17
1671861249214585548,0,17
1671861249216394440,0,17
1671861249218096127,0,17
1671861249219757488,0,17
1671861249221453475,0,17
1671861249223527760,0,17
1671861249225884720,0,17
1671861249228212826,0,17
1671861249229995968,0,17
1671861249231676135,0,17
1671861249233346504,0,17
1671861249235045806,0,17
1671861249236712768,0,17
1671861249238399658,0,17
1671861249240073693,0,17
1671861249241795659,0,17
1671861249243843163,0,17
1671861249246315983,0,17
1671861249248581871,0,17
1671861249250364162,0,17
1671861249252069446,0,17
1671861249253732981,0,17
1671861249255653785,0,17
1671861249257604425,0,17
1671861249259364593,0,17
1671861249261173724,0,17
1671861249268782065,0,17
1671861249273791377,0,17
1671861249275448640,0,17
1671861249277120551,0,17
1671861249278835284,0,17
1671861249280492407,0,17
1671861249282137478,0,17
1671861249285618890,0,17
1671861249287777515,0,17
1671861249289559185,0,17
1671861249291215797,0,17
1671861249292864854,0,17
1671861249294520213,0,17
1671861249296173980,0,17
1671861249297844629,0,17
1671861249299506130,0,17
1671861249301163274,0,17
1671861249303244221,0,17
1671861249305550104,0,17
1671861249307834377,0,17
1671861249309668546,0,17
1671861249311441218,0,17
1671861249313122687,0,17
1671861249314840396,0,17
1671861249316537164,0,17
1671861249318189388,0,17
1671861249319841832,0,17
1671861249321504365,0,17
1671861249323662800,0,17
1671861249326239557,0,17
1671861249328493482,0,17
1671861249330344112,0,17
1671861249332050509,0,17
1671861249334079558,0,17
1671861249335784561,0,17
1671861249337531484,0,17
1671861249339394188,0,17
1671861249341042495,0,17
1671861249343105457,0,17
1671861249345437420,0,17
1671861249347708638,0,17
1671861249349500327,0,17
1671861249351162299,0,17
1671861249352842836,0,17
1671861249354564422,0,17
1671861249356234821,0,17
1671861249357903085,0,17
1671861249359570457,0,17
1671861249361301711,0,17
1671861249363377208,0,17
1671861249365669927,0,17
1671861249373955152,0,17
1671861249375648253,0,17
1671861249377377232,0,17
1671861249379104208,0,17
1671861249380956011,0,17
1671861249382996711,0,30
1671861249402103020,0,30
1671861249405109233,0,30
1671861249408240041,0,30
1671861249410653779,0,30
1671861249415743323,0,30
1671861249420696679,0,30
1671861249422462267,0,30
1671861249424610922,0,30
1671861249426831304,0,30
1671861249428906641,0,30
1671861249430675165,0,30
1671861249432340203,0,30
1671861249434287947,0,30
1671861249435963856,0,30
1671861249437633714,0,30
1671861249439281328,0,30
1671861249440940726,0,30
1671861249442910672,0,30
1671861249445018341,0,30
1671861249450584548,0,30
1671861249453106963,0,30
1671861249455627282,0,30
1671861249457887139,0,30
1671861249459590270,0,30
1671861249461383701,0,30
1671861249463473314,0,30
1671861249466389796,0,30
1671861249468579390,0,30
1671861249470664484,0,30
1671861249472470169,0,30
1671861249474173871,0,30
1671861249475895366,0,30
1671861249477647069,0,30
1671861249479403009,0,30
1671861249481194366,0,30
1671861249483357881,0,30
1671861249485670036,0,30
1671861249488582179,0,30
1671861249490809504,0,30
1671861249492912634,0,30
1671861249494775657,0,30
1671861249496479128,0,30
1671861249498212546,0,30
1671861249499911940,0,30
1671861249501617334,0,30
1671861249504107086,0,30
1671861249507379263,0,30
1671861249509947475,0,30
1671861249511805168,0,30
1671861249513532574,0,30
1671861249515237137,0,30
1671861249516998759,0,30
1671861249518727848,0,30
1671861249520455425,0,30
1671861249522208420,0,30
1671861249524312992,0,30
1671861249526649183,0,30
1671861249528744477,0,30
1671861249530619404,0,30
1671861249532325540,0,30
1671861249534029973,0,30
1671861249535738193,0,30
1671861249537479625,0,30
1671861249539179620,0,30
1671861249540875918,0,30
1671861249542851785,0,30
1671861249545186844,0,30
1671861249547468532,0,30
1671861249549672733,0,30
1671861249551512863,0,30
1671861249557993997,0,30
1671861249563633473,0,30
1671861249566215831,0,30
1671861249578781375,0,30
1671861249580570208,0,30
1671861249582295380,0,16
1671861249587776757,0,16
1671861249589862854,0,16
1671861249592043800,0,16
1671861249593825379,0,16
1671861249595512530,0,16
1671861249597201814,0,16
1671861249598894935,0,16
1671861249600622501,0,16
1671861249602492388,0,16
1671861249605043187,0,16
1671861249607629232,0,16
1671861249610073979,0,16
1671861249611889322,0,16
1671861249613574008,0,16
1671861249615251419,0,16
1671861249616950952,0,16
1671861249618638163,0,16
1671861249620319342,0,16
1671861249622124446,0,16
1671861249624363602,0,16
1671861249626662263,0,16
1671861249628796892,0,16
1671861249630624598,0,16
1671861249632348167,0,16
1671861249634299538,0,16
1671861249636014882,0,16
1671861249637711240,0,16
1671861249639405764,0,16
1671861249641105557,0,16
1671861249643200812,0,16
1671861249645519941,0,16
1671861249647762975,0,16
1671861249649973438,0,16
1671861249651787729,0,16
1671861249653518993,0,16
1671861249655224508,0,16
1671861249656929962,0,16
1671861249658628484,0,16
1671861249660351292,0,16
1671861249662059322,0,16
1671861249664166709,0,16
1671861249668074171,0,16
1671861249670243405,0,16
1671861249672079848,0,16
1671861249673790994,0,16
1671861249675489255,0,16
1671861249677197145,0,16
1671861249678901928,0,16
1671861249680634294,0,16
1671861249682674964,0,16
1671861249685417365,0,16
1671861249688182631,0,16
1671861249690373215,0,16
1671861249692547299,0,16
1671861249698400611,0,16
1671861249704076818,0,16
1671861249706643736,0,16
1671861249709111617,0,16
1671861249710956497,0,16
1671861249712637896,0,16
1671861249714329845,0,16
1671861249716407535,0,16
1671861249718239841,0,16
1671861249719942481,0,16
1671861249721621436,0,16
1671861249723709476,0,16
1671861249726235427,0,16
1671861249728465357,0,16
1671861249730300057,0,16
1671861249731987988,0,16
1671861249733730743,0,16
1671861249735433894,0,16
1671861249737132957,0,16
1671861249738829254,0,16
1671861249740526934,0,16
1671861249742352056,0,16
1671861249744517574,0,16
1671861249746730310,0,16
1671861249748957915,0,16
1671861249750744364,0,16
1671861249752423399,0,16
1671861249754113635,0,16
1671861249755818909,0,16
1671861249757511108,0,16
1671861249759196816,0,16
1671861249760888004,0,16
1671861249762981775,0,16
1671861249765262441,0,16
1671861249777321495,0,16
1671861249779057958,0,16
1671861249780961388,0,16
1671861249783050270,0,21
1671861249788168097,0,21
1671861249790264484,0,21
1671861249792362654,0,21
1671861249794296592,0,21
1671861249795999141,0,21
1671861249797706990,0,21
1671861249799432523,0,21
1671861249801178836,0,21
1671861249803343581,0,21
1671861249806479700,0,21
1671861249809091414,0,21
1671861249811084434,0,21
1671861249812796240,0,21
1671861249814551931,0,21
1671861249816256274,0,21
1671861249817971207,0,21
1671861249819686650,0,21
1671861249821396423,0,21
1671861249823598179,0,21
1671861249826280858,0,21
1671861249828779737,0,21
1671861249830899458,0,21
1671861249832778462,0,21
1671861249838720472,0,21
1671861249844350260,0,21
1671861249846840484,0,21
1671861249849219647,0,21
1671861249851069576,0,21
1671861249852752938,0,21
1671861249854449346,0,21
1671861249856151144,0,21
1671861249858024688,0,21
1671861249859749659,0,21
1671861249861435136,0,21
1671861249863668382,0,21
1671861249866167062,0,21
1671861249868270641,0,21
1671861249870521922,0,21
1671861249872521895,0,21
1671861249874243681,0,21
1671861249875944166,0,21
1671861249877646345,0,21
1671861249879342662,0,21
1671861249881030795,0,21
1671861249883155835,0,21
1671861249885374313,0,21
1671861249888325972,0,21
1671861249890674035,0,21
1671861249892758088,0,21
1671861249894861628,0,21
1671861249896962203,0,21
1671861249898890540,0,21
1671861249900728906,0,21
1671861249903066931,0,21
1671861249905953917,0,21
1671861249908361413,0,21
1671861249910728844,0,21
1671861249913495322,0,21
1671861249915918898,0,21
1671861249918469857,0,21
1671861249921330924,0,21
1671861249924188914,0,21
1671861249926903092,0,21
1671861249929802252,0,21
1671861249932244884,0,21
1671861249934857540,0,21
1671861249937088372,0,21
1671861249941669761,0,21
1671861249943974924,0,21
1671861249946239759,0,21
1671861249948362605,0,21
1671861249950191865,0,21
1671861249951925263,0,21
1671861249953702274,0,21
1671861249955445069,0,21
1671861249957236637,0,21
1671861249958972009,0,21
1671861249960720045,0,21
1671861249962854874,0,21
1671861249965038495,0,21
1671861249977556900,0,21
1671861249979308472,0,21
1671861249981046148,0,21
1671861249983164506,0,26
1671861249992479134,0,26
1671861249997626777,0,26
1671861249999322263,0,26
1671861250001019653,0,26
1671861250003237099,0,26
1671861250005592807,0,26
1671861250007854527,0,26
1671861250009948639,0,26
1671861250011752340,0,26
1671861250013443678,0,26
1671861250015150195,0,26
1671861250016874366,0,26
1671861250019812588,0,26
1671861250021558469,0,26
1671861250023606334,0,26
1671861250026195145,0,26
1671861250028383184,0,26
1671861250030182006,0,26
1671861250031863877,0,26
1671861250034143581,0,26
1671861250035816864,0,26
1671861250037499415,0,26
1671861250039187948,0,26
1671861250040866112,0,26
1671861250042966856,0,26
1671861250045141791,0,26
1671861250047361541,0,26
1671861250049513292,0,26
1671861250051308467,0,26
1671861250052988925,0,26
1671861250054794890,0,26
1671861250056504633,0,26
1671861250058285651,0,26
1671861250059991647,0,26
1671861250061702883,0,26
1671861250063858712,0,26
1671861250066099121,0,26
1671861250068130765,0,26
1671861250070249283,0,26
1671861250072059025,0,26
1671861250073743671,0,26
1671861250075430160,0,26
1671861250077178797,0,26
1671861250078856519,0,26
1671861250080594485,0,26
1671861250082556757,0,26
1671861250085413917,0,26
1671861250088367879,0,26
1671861250090847753,0,26
1671861250092936014,0,26
1671861250094787766,0,26
1671861250096499593,0,26
1671861250098215087,0,26
1671861250099934919,0,26
1671861250101881812,0,26
1671861250104799666,0,26
1671861250107469781,0,26
1671861250109762209,0,26
1671861250111586489,0,26
1671861250113341798,0,26
1671861250115061070,0,26
1671861250116823563,0,26
1671861250118515492,0,26
1671861250120271182,0,26
1671861250122378208,0,26
1671861250124670326,0,26
1671861250127262853,0,26
1671861250129682152,0,26
1671861250135333251,0,26
1671861250140270436,0,26
1671861250142595375,0,26
1671861250145510013,0,26
1671861250147721779,0,26
1671861250149820981,0,26
1671861250151608561,0,26
1671861250153305900,0,26
1671861250155025272,0,26
1671861250156713464,0,26
1671861250158482619,0,26
1671861250160163678,0,26
1671861250161853152,0,26
1671861250164068274,0,26
1671861250177144856,0,26
1671861250178856052,0,26
1671861250180781836,0,26
1671861250182865257,0,16
1671861250188358116,0,16
1671861250190470051,0,16
1671861250192537352,0,16
1671861250194324743,0,16
1671861250196001774,0,16
1671861250197668425,0,16
1671861250199362859,0,16
1671861250201032114,0,16
1671861250203196400,0,16
1671861250205886453,0,16
1671861250208381665,0,16
1671861250210547733,0,16
1671861250212273728,0,16
1671861250213967971,0,16
1671861250216110084,0,16
1671861250217815989,0,16
1671861250219516766,0,16
1671861250221209617,0,16
1671861250223292347,0,16
1671861250226000734,0,16
1671861250228237617,0,16
1671861250230060765,0,16
1671861250231762673,0,16
1671861250234120956,0,16
1671861250235829467,0,16
1671861250237519963,0,16
1671861250239255535,0,16
1671861250240961350,0,16
1671861250243154641,0,16
1671861250245753781,0,16
1671861250248033795,0,16
1671861250249932456,0,16
1671861250251673058,0,16
1671861250253401897,0,16
1671861250255107192,0,16
1671861250256824288,0,16
1671861250258537187,0,16
1671861250260244194,0,16
1671861250261953656,0,16
1671861250264067186,0,16
1671861250268421895,0,16
1671861250270585810,0,16
1671861250272407345,0,16
1671861250285423292,0,16
1671861250287782748,0,16
1671861250289803892,0,16
1671861250291492655,0,16
1671861250293181077,0,16
1671861250294915667,0,16
1671861250296653103,0,16
1671861250298344040,0,16
1671861250300060155,0,16
1671861250301738117,0,16
1671861250303829144,0,16
1671861250306048704,0,16
1671861250308263745,0,16
1671861250310324233,0,16
1671861250312122254,0,16
1671861250313811929,0,16
1671861250315510230,0,16
1671861250317195506,0,16
1671861250318875984,0,16
1671861250320566681,0,16
1671861250322596531,0,16
1671861250324832141,0,16
1671861250327020031,0,16
1671861250329034823,0,16
1671861250330831050,0,16
1671861250332509012,0,16
1671861250334192135,0,16
1671861250335874396,0,16
1671861250337611511,0,16
1671861250339352342,0,16
1671861250341037378,0,16
1671861250343137662,0,16
1671861250345729028,0,16
1671861250347881470,0,16
1671861250350023823,0,16
1671861250351871959,0,16
1671861250353578256,0,16
1671861250355275655,0,16
1671861250356980578,0,16
1671861250358691063,0,16
1671861250360409533,0,16
1671861250362322942,0,16
1671861250364490673,0,16
1671861250377607343,0,16
1671861250379317967,0,16
1671861250381039271,0,16
1671861250383281735,0,24
1671861250387905295,0,24
1671861250390009356,0,24
1671861250392124197,0,24
1671861250394115234,0,24
1671861250395844303,0,24
1671861250397576068,0,24
1671861250399279719,0,24
1671861250400971268,0,24
1671861250403134591,0,24
1671861250405686541,0,24
1671861250407947089,0,24
1671861250410058735,0,24
1671861250412229281,0,24
1671861250414107864,0,24
1671861250415895275,0,24
1671861250423147260,0,24
1671861250430523852,0,24
1671861250432219298,0,24
1671861250434010385,0,24
1671861250435693838,0,24
1671861250437562812,0,24
1671861250439367225,0,24
1671861250441041431,0,24
1671861250443226195,0,24
1671861250445777484,0,24
1671861250448099609,0,24
1671861250450174174,0,24
1671861250451956854,0,24
1671861250453631992,0,24
1671861250455306318,0,24
1671861250457035789,0,24
1671861250458711216,0,24
1671861250460391873,0,24
1671861250462297648,0,24
1671861250464390659,0,24
1671861250467800686,0,24
1671861250469966975,0,24
1671861250471762249,0,24
1671861250473443628,0,24
1671861250475118165,0,24
1671861250476800777,0,24
1671861250478498657,0,24
1671861250480187039,0,24
1671861250482253278,0,24
1671861250485162587,0,24
1671861250488309806,0,24
1671861250490407705,0,24
1671861250492416947,0,24
1671861250494367757,0,24
1671861250496061859,0,24
1671861250497760922,0,24
1671861250499459354,0,24
1671861250501148428,0,24
1671861250503478106,0,24
1671861250506533241,0,24
